,Mouse ID,Drug,Timepoint,Tumor Volume (mm3),Metastatic Sites
0,f234,Stelasyn,0,45.0,0
1,f234,Stelasyn,5,47.31349062,0
2,f234,Stelasyn,10,47.90432375,0
3,f234,Stelasyn,15,48.73519714,1
4,f234,Stelasyn,20,51.11271293,2
5,f234,Stelasyn,25,52.17860221,2
6,f234,Stelasyn,30,56.87381654,2
7,f234,Stelasyn,35,57.74875831,2
8,x402,Stelasyn,0,45.0,0
9,x402,Stelasyn,5,46.32757027,1
10,x402,Stelasyn,10,46.88696249,1
11,x402,Stelasyn,15,49.11994779999999,1
12,x402,Stelasyn,20,50.41475041,2
13,x402,Stelasyn,25,52.43173664,2
14,x402,Stelasyn,30,54.35158463,3
15,x402,Stelasyn,35,55.24096223,3
16,x402,Stelasyn,40,56.69172294,3
17,x402,Stelasyn,45,61.61960615,3
18,a492,Stelasyn,0,45.0,0
19,a492,Stelasyn,5,46.40914339,0
20,a492,Stelasyn,10,48.43219661,0
21,a492,Stelasyn,15,51.985262899999995,0
22,a492,Stelasyn,20,53.67719253,0
23,a492,Stelasyn,25,54.70122868,1
24,a492,Stelasyn,30,56.20104104,1
25,a492,Stelasyn,35,57.30855379,1
26,a492,Stelasyn,40,57.92849897,1
27,a492,Stelasyn,45,60.12201052,1
28,w540,Stelasyn,0,45.0,0
29,w540,Stelasyn,5,45.88537038,1
30,w540,Stelasyn,10,47.45906658,1
31,w540,Stelasyn,15,48.25014636,2
32,w540,Stelasyn,20,50.67272745,2
33,w540,Stelasyn,25,52.60026955,2
34,v764,Stelasyn,0,45.0,0
35,v764,Stelasyn,5,47.05418474,0
36,v764,Stelasyn,10,48.18900062,1
37,v764,Stelasyn,15,49.41262418,2
38,o848,Stelasyn,0,45.0,0
39,z314,Stelasyn,0,45.0,0
40,z314,Stelasyn,5,45.93471217,0
41,g989,Stelasyn,0,45.0,0
42,g989,Stelasyn,0,45.0,0
43,g989,Stelasyn,5,48.78680146,0
44,g989,Stelasyn,5,47.57039208,0
45,g989,Stelasyn,10,51.74515613,0
46,g989,Stelasyn,10,49.880527799999996,0
47,g989,Stelasyn,15,51.32585207,1
48,g989,Stelasyn,15,53.44201976,0
49,g989,Stelasyn,20,55.32612202,1
50,g989,Stelasyn,20,54.65765008,1
51,g989,Stelasyn,25,56.04556353,1
52,g989,Stelasyn,30,59.08229394,1
53,g989,Stelasyn,35,62.57087961,2
54,g989,Propriva,0,45.0,0
55,g989,Propriva,0,45.0,0
56,g989,Propriva,5,48.78680146,0
57,g989,Propriva,5,47.57039208,0
58,g989,Propriva,10,51.74515613,0
59,g989,Propriva,10,49.880527799999996,0
60,g989,Propriva,15,51.32585207,1
61,g989,Propriva,15,53.44201976,0
62,g989,Propriva,20,55.32612202,1
63,g989,Propriva,20,54.65765008,1
64,g989,Propriva,25,56.04556353,1
65,g989,Propriva,30,59.08229394,1
66,g989,Propriva,35,62.57087961,2
67,m269,Stelasyn,0,45.0,0
68,m269,Stelasyn,5,49.011180100000004,0
69,m269,Stelasyn,10,50.86013006,0
70,m269,Stelasyn,15,55.9053436,0
71,m269,Stelasyn,20,61.14586638,0
72,m269,Stelasyn,25,64.89301976,0
73,m269,Stelasyn,30,67.71250988,1
74,m269,Stelasyn,35,68.68991735,1
75,m269,Stelasyn,40,70.21464419,1
76,m269,Stelasyn,45,75.12368955,1
77,a963,Stelasyn,0,45.0,0
78,a963,Stelasyn,5,46.23350581,0
79,a963,Stelasyn,10,47.15052201,0
80,a963,Stelasyn,15,47.83685218,0
81,a963,Stelasyn,20,51.46373448,0
82,a963,Stelasyn,25,52.12980374,0
83,a963,Stelasyn,30,53.40166738,1
84,a963,Stelasyn,35,56.81397646,1
85,a963,Stelasyn,40,58.46378685,1
86,a963,Stelasyn,45,62.76509317,1
87,t451,Stelasyn,0,45.0,0
88,t451,Stelasyn,5,48.04713882,0
89,t451,Stelasyn,10,48.95791906,0
90,t451,Stelasyn,15,49.65278772,0
91,t451,Stelasyn,20,51.06367793,0
92,t451,Stelasyn,25,55.52755345,0
93,t451,Stelasyn,30,59.27582268,0
94,t451,Stelasyn,35,63.75698964,0
95,t451,Stelasyn,40,67.65479599,1
96,t451,Stelasyn,45,68.7116302,1
97,p981,Stelasyn,0,45.0,0
98,p981,Stelasyn,5,47.00062717,0
99,p981,Stelasyn,10,47.54584585,0
100,p981,Stelasyn,15,49.65770973,0
101,p981,Stelasyn,20,50.35806947,0
102,p981,Stelasyn,25,52.5447048,1
103,p981,Stelasyn,30,56.33910432,1
104,p981,Stelasyn,35,59.13102297,1
105,k510,Stelasyn,0,45.0,0
106,k510,Stelasyn,5,46.608467100000006,0
107,k510,Stelasyn,10,47.65824979999999,1
108,k510,Stelasyn,15,49.687051700000005,1
109,k510,Stelasyn,20,52.10557382,1
110,h333,Stelasyn,0,45.0,0
111,h333,Stelasyn,5,45.75172728,0
112,h333,Stelasyn,10,46.23384414,1
113,h333,Stelasyn,15,50.69260358,2
114,h333,Stelasyn,20,51.99780618,2
115,h333,Stelasyn,25,53.73091434,2
116,h333,Stelasyn,30,55.45528975,2
117,c402,Stelasyn,0,45.0,0
118,c402,Stelasyn,5,49.3426301,1
119,c402,Stelasyn,10,50.56689412,1
120,c402,Stelasyn,15,52.23071944,1
121,c402,Stelasyn,20,54.88332044,2
122,c402,Stelasyn,25,58.26988853,2
123,c402,Stelasyn,30,63.74319428,2
124,c402,Stelasyn,35,65.8079627,2
125,c402,Stelasyn,40,70.22229679,2
126,c402,Stelasyn,45,74.04039018,3
127,j984,Stelasyn,0,45.0,0
128,j984,Stelasyn,5,48.41072109,1
129,j984,Stelasyn,10,50.14108401,1
130,j984,Stelasyn,15,51.16675687,1
131,j984,Stelasyn,20,54.37251567,1
132,j984,Stelasyn,25,57.06435479,1
133,j984,Stelasyn,30,61.24050573,1
134,j984,Stelasyn,35,64.05539896,1
135,j984,Stelasyn,40,67.77708036,1
136,j984,Stelasyn,45,70.65383162,1
137,w697,Stelasyn,0,45.0,0
138,w697,Stelasyn,5,48.30182261,1
139,w697,Stelasyn,10,48.925056,2
140,w697,Stelasyn,15,52.65726519,2
141,w697,Stelasyn,20,54.22809098,3
142,w697,Stelasyn,25,57.610394299999996,3
143,w697,Stelasyn,30,60.72063591,3
144,w697,Stelasyn,35,63.68904216,3
145,s619,Stelasyn,0,45.0,0
146,s619,Stelasyn,5,46.60226878,0
147,g867,Stelasyn,0,45.0,0
148,g867,Stelasyn,5,46.88074916,0
149,g867,Stelasyn,10,48.18340167,0
150,g867,Stelasyn,15,51.06041924,1
151,k862,Stelasyn,0,45.0,0
152,k862,Stelasyn,5,49.20305786,0
153,k862,Stelasyn,10,50.52355007,1
154,k862,Stelasyn,15,54.47453362,1
155,k862,Stelasyn,20,57.05784818,1
156,k862,Stelasyn,25,58.7192973,2
157,k862,Stelasyn,30,60.60543979,3
158,k862,Stelasyn,35,66.58072244,3
159,k862,Stelasyn,40,67.57134128,4
160,k862,Stelasyn,45,69.29914907,4
161,i901,Stelasyn,0,45.0,0
162,i901,Stelasyn,5,46.49302392,0
163,i901,Stelasyn,10,50.42124982,0
164,i901,Stelasyn,15,51.41964239,0
165,i901,Stelasyn,20,55.97440502,0
166,i901,Stelasyn,25,56.575194999999994,0
167,i901,Stelasyn,30,60.59185755,0
168,i901,Stelasyn,35,62.12733561,0
169,i901,Stelasyn,40,64.30345451,0
170,i901,Stelasyn,45,65.34181087,0
171,b879,Stelasyn,0,45.0,0
172,b879,Stelasyn,5,49.15615628,1
173,b879,Stelasyn,10,50.33894583,1
174,b879,Stelasyn,15,51.61838657,1
175,b879,Stelasyn,20,53.98343568,1
176,b879,Stelasyn,25,56.46998744,2
177,b879,Stelasyn,30,60.90761481,2
178,b879,Stelasyn,35,64.26088633,2
179,b879,Stelasyn,40,67.18912666,2
180,b879,Stelasyn,45,72.55523894,2
181,p387,Stelasyn,0,45.0,0
182,p387,Stelasyn,5,48.66763075,0
183,p387,Stelasyn,10,53.36296294,0
184,p387,Stelasyn,15,55.25138033,0
185,p387,Stelasyn,20,56.58761679999999,0
186,p387,Stelasyn,25,58.09848946,0
187,p387,Stelasyn,30,63.26924552,0
188,p387,Stelasyn,35,66.4922038,1
189,p387,Stelasyn,40,69.03887618,1
190,a366,Stelasyn,0,45.0,0
191,a366,Stelasyn,5,48.95136773,0
192,a366,Stelasyn,10,53.52399007,0
193,a366,Stelasyn,15,55.26558163,0
194,a366,Stelasyn,20,57.28598742,0
195,a366,Stelasyn,25,59.01172817,0
196,a366,Stelasyn,30,63.44068627,1
197,s565,Stelasyn,0,45.0,0
198,s565,Stelasyn,5,48.24255218,0
199,s565,Stelasyn,10,52.77752710000001,0
200,s565,Stelasyn,15,54.32831664,1
201,s565,Stelasyn,20,57.04618912,1
202,s565,Stelasyn,25,58.55361079,1
203,s565,Stelasyn,30,63.66896678,1
204,s565,Stelasyn,35,64.77657909,2
205,s565,Stelasyn,40,67.22100698,2
206,s565,Stelasyn,45,72.58896447,2
207,j755,Naftisol,0,45.0,0
208,j755,Naftisol,5,47.24284357,0
209,j755,Naftisol,10,48.16706083,0
210,j755,Naftisol,15,51.45397391,0
211,j755,Naftisol,20,55.49660753,1
212,j755,Naftisol,25,58.05581822,1
213,j755,Naftisol,30,60.00720978,1
214,j755,Naftisol,35,62.7328576,1
215,j755,Naftisol,40,67.2077103,1
216,j755,Naftisol,45,69.56362076,1
217,e213,Naftisol,0,45.0,0
218,e213,Naftisol,5,45.69925018,1
219,e213,Naftisol,10,47.39157120000001,2
220,e213,Naftisol,15,51.7916953,2
221,e213,Naftisol,20,52.61376289,2
222,e213,Naftisol,25,55.22447615,2
223,e213,Naftisol,30,56.45872864,3
224,e213,Naftisol,35,58.24585435,3
225,e213,Naftisol,40,60.23654797,3
226,e213,Naftisol,45,63.1056963,4
227,e584,Naftisol,0,45.0,0
228,e584,Naftisol,5,45.656978499999994,0
229,e584,Naftisol,10,47.25064148,0
230,e584,Naftisol,15,48.43041053,1
231,e584,Naftisol,20,50.34492095,2
232,e584,Naftisol,25,51.38641908,2
233,e584,Naftisol,30,54.98440767,3
234,e584,Naftisol,35,58.08655989,3
235,e584,Naftisol,40,62.81687083,4
236,e584,Naftisol,45,68.3597767,4
237,e291,Naftisol,0,45.0,0
238,e291,Naftisol,5,46.14250486,0
239,e291,Naftisol,10,48.52974125,1
240,e291,Naftisol,15,49.348426200000006,1
241,e291,Naftisol,20,52.53376479,1
242,e291,Naftisol,25,55.1389525,2
243,z795,Naftisol,0,45.0,0
244,z795,Naftisol,5,46.83347493,0
245,z795,Naftisol,10,48.0308039,0
246,z795,Naftisol,15,49.36813189,1
247,z795,Naftisol,20,53.28065717,1
248,z795,Naftisol,25,57.94709984,2
249,z795,Naftisol,30,59.78963589999999,2
250,z795,Naftisol,35,60.43565416,2
251,z795,Naftisol,40,62.37663884,3
252,z795,Naftisol,45,65.74107029,3
253,x264,Naftisol,0,45.0,0
254,x264,Naftisol,5,47.0384145,0
255,x264,Naftisol,10,47.88712765,1
256,x264,Naftisol,15,50.00231403,1
257,x264,Naftisol,20,53.07426973,1
258,x264,Naftisol,25,56.89105283,2
259,x264,Naftisol,30,58.15869423,3
260,x264,Naftisol,35,61.29960778,4
261,x264,Naftisol,40,63.28328821,4
262,v199,Naftisol,0,45.0,0
263,r701,Naftisol,0,45.0,0
264,r701,Naftisol,5,46.88697137,0
265,r701,Naftisol,10,49.65459636,0
266,r701,Naftisol,15,52.48480443,0
267,r701,Naftisol,20,54.11413742,0
268,r701,Naftisol,25,57.89848998,1
269,r701,Naftisol,30,60.34181872,1
270,r701,Naftisol,35,64.73001045,1
271,r701,Naftisol,40,66.64072178,1
272,r701,Naftisol,45,69.77854407,1
273,t724,Naftisol,0,45.0,0
274,t724,Naftisol,5,46.35925829,0
275,t724,Naftisol,10,50.70389965,0
276,t724,Naftisol,15,55.58461724,0
277,t724,Naftisol,20,57.22940914,0
278,t724,Naftisol,25,59.82606797,1
279,t724,Naftisol,30,64.2345947,2
280,t724,Naftisol,35,67.74432795,2
281,t724,Naftisol,40,69.72832559,2
282,t724,Naftisol,45,75.11328801,2
283,a818,Naftisol,0,45.0,0
284,a818,Naftisol,5,45.69670864,0
285,a818,Naftisol,10,49.79091948,0
286,a818,Naftisol,15,51.22756565,0
287,a818,Naftisol,20,54.8346245,0
288,a818,Naftisol,25,56.96627332,0
289,a818,Naftisol,30,60.07237198,0
290,a818,Naftisol,35,63.29854586,0
291,a818,Naftisol,40,69.27381374,1
292,a818,Naftisol,45,74.99776443,2
293,v295,Naftisol,0,45.0,0
294,v295,Naftisol,5,46.11181797,1
295,v295,Naftisol,10,47.53946216,2
296,v295,Naftisol,15,50.66605391,2
297,v295,Naftisol,20,55.73137535,3
298,v295,Naftisol,25,57.69185918,3
299,v295,Naftisol,30,59.33377202,3
300,v295,Naftisol,35,61.89315267,3
301,v295,Naftisol,40,65.46607444,3
302,m133,Naftisol,0,45.0,0
303,m133,Naftisol,5,46.62130127,0
304,m133,Naftisol,10,47.50333803,0
305,m133,Naftisol,15,48.6652074,1
306,m133,Naftisol,20,52.63688249,1
307,m133,Naftisol,25,54.08243662,2
308,l725,Naftisol,0,45.0,0
309,l725,Naftisol,5,48.73631881,1
310,l725,Naftisol,10,50.82391154,2
311,l725,Naftisol,15,54.24456268,2
312,l725,Naftisol,20,59.61515479999999,2
313,l725,Naftisol,25,65.00882889,2
314,l725,Naftisol,30,66.59954515,3
315,l725,Naftisol,35,69.12570173,3
316,l725,Naftisol,40,73.69349382,3
317,l725,Naftisol,45,76.66881742,3
318,x336,Naftisol,0,45.0,0
319,l700,Naftisol,0,45.0,0
320,l700,Naftisol,5,45.91837165,0
321,l700,Naftisol,10,47.01356652,1
322,l700,Naftisol,15,49.04022529,1
323,l700,Naftisol,20,50.73476811,1
324,l700,Naftisol,25,54.23450181,1
325,l700,Naftisol,30,56.653215,1
326,l700,Naftisol,35,61.46260354,1
327,l700,Naftisol,40,62.98667798,1
328,l700,Naftisol,45,63.94664044,1
329,n304,Naftisol,0,45.0,0
330,n304,Naftisol,5,46.43121629,0
331,n304,Naftisol,10,47.20125097,0
332,n304,Naftisol,15,48.47797895,0
333,n304,Naftisol,20,49.25330863,1
334,n304,Naftisol,25,53.97085924,2
335,n304,Naftisol,30,55.03901985,3
336,n304,Naftisol,35,57.12241926,4
337,n304,Naftisol,40,59.83050667,4
338,n304,Naftisol,45,63.58639514,4
339,r604,Naftisol,0,45.0,0
340,r604,Naftisol,5,47.06774448,1
341,r604,Naftisol,10,48.78655957,1
342,r604,Naftisol,15,51.07452073,1
343,r604,Naftisol,20,51.90275292,1
344,r604,Naftisol,25,52.93685812,1
345,r604,Naftisol,30,54.68821536,2
346,r604,Naftisol,35,59.21700015,2
347,r604,Naftisol,40,60.18611531,2
348,r604,Naftisol,45,62.67075904,3
349,v835,Naftisol,0,45.0,0
350,v835,Naftisol,5,47.15601071,0
351,v835,Naftisol,10,48.96591797,0
352,v835,Naftisol,15,50.54520646,1
353,v835,Naftisol,20,51.29654266,2
354,z969,Naftisol,0,45.0,0
355,z969,Naftisol,5,49.33299873,0
356,z969,Naftisol,10,52.65608148,1
357,z969,Naftisol,15,54.71300452,2
358,z969,Naftisol,20,57.89877823,2
359,z969,Naftisol,25,63.14565213,2
360,z969,Naftisol,30,65.84101274,3
361,z969,Naftisol,35,69.17624607,4
362,z969,Naftisol,40,70.31490411,4
363,z969,Naftisol,45,73.86784476,4
364,o725,Naftisol,0,45.0,0
365,o725,Naftisol,5,46.88982098,0
366,o725,Naftisol,10,48.199452,0
367,o725,Naftisol,15,50.01507902,1
368,y601,Naftisol,0,45.0,0
369,y601,Naftisol,5,48.47500273,1
370,x930,Naftisol,0,45.0,0
371,x930,Naftisol,5,46.07823375,0
372,x930,Naftisol,10,50.26069441,0
373,x930,Naftisol,15,51.97376864,0
374,x930,Naftisol,20,52.55606575,0
375,x930,Naftisol,25,53.72610129999999,0
376,b559,Naftisol,0,45.0,0
377,b559,Naftisol,5,47.40989731,0
378,b559,Naftisol,10,48.03643202,0
379,b559,Naftisol,15,51.37886229,0
380,b559,Naftisol,20,55.65445572,1
381,b559,Naftisol,25,57.04366929,1
382,b559,Naftisol,30,61.19038663,1
383,b559,Naftisol,35,65.70576275,1
384,b559,Naftisol,40,69.96961645,1
385,b559,Naftisol,45,73.05136339,1
386,z234,Naftisol,0,45.0,0
387,z234,Naftisol,5,46.12935706,1
388,f993,Naftisol,0,45.0,0
389,f993,Naftisol,5,46.39575966,0
390,f993,Naftisol,10,48.18537323,0
391,f993,Naftisol,15,49.10697473,1
392,f993,Naftisol,20,52.07951009,1
393,q119,Ketapril,0,45.0,0
394,q119,Ketapril,5,47.86444,0
395,q119,Ketapril,10,51.23660557,0
396,n923,Ketapril,0,45.0,0
397,n923,Ketapril,5,45.82488099,0
398,n923,Ketapril,10,48.79194986,1
399,n923,Ketapril,15,51.73870623,1
400,n923,Ketapril,20,52.59920611,1
401,n923,Ketapril,25,56.85546498,2
402,n923,Ketapril,30,59.63256052,3
403,n923,Ketapril,35,60.35629432,3
404,n923,Ketapril,40,66.22960554,3
405,p189,Ketapril,0,45.0,0
406,p189,Ketapril,5,49.04870704,1
407,p189,Ketapril,10,51.58216168,2
408,p189,Ketapril,15,53.6755415,2
409,p189,Ketapril,20,56.53020447,3
410,p189,Ketapril,25,62.10895956,3
411,p189,Ketapril,30,67.10453665,4
412,p189,Ketapril,35,67.87377675,4
413,p189,Ketapril,40,74.10609077,4
414,p189,Ketapril,45,75.2949359,4
415,h246,Ketapril,0,45.0,0
416,h246,Ketapril,5,49.47041702,0
417,h246,Ketapril,10,51.36886216,1
418,h246,Ketapril,15,56.18432701,1
419,h246,Ketapril,20,57.93591218,1
420,h246,Ketapril,25,59.5488537,1
421,h246,Ketapril,30,63.59960954,1
422,h246,Ketapril,35,67.2112701,2
423,h246,Ketapril,40,71.15083468,2
424,h246,Ketapril,45,74.10408567,2
425,c819,Ketapril,0,45.0,0
426,c819,Ketapril,5,45.76924864,1
427,c819,Ketapril,10,46.65839527,1
428,c819,Ketapril,15,48.37099912,1
429,c819,Ketapril,20,49.76241475,1
430,c819,Ketapril,25,51.82835706,1
431,c819,Ketapril,30,56.09899820000001,1
432,c819,Ketapril,35,57.72953466,1
433,c819,Ketapril,40,62.17570465,1
434,a457,Ketapril,0,45.0,0
435,a457,Ketapril,5,47.462891,0
436,a457,Ketapril,10,49.78341894,0
437,g107,Ketapril,0,45.0,0
438,g107,Ketapril,5,48.79166496,0
439,g107,Ketapril,10,53.43598668,0
440,g107,Ketapril,15,58.13554485,0
441,g107,Ketapril,20,62.70603145,0
442,g107,Ketapril,25,64.66362579,0
443,g107,Ketapril,30,69.16051982,0
444,g107,Ketapril,35,71.90511721,0
445,f932,Ketapril,0,45.0,0
446,y260,Ketapril,0,45.0,0
447,y260,Ketapril,5,46.79983867,0
448,y260,Ketapril,10,48.08180678,1
449,y260,Ketapril,15,50.19615224,2
450,y260,Ketapril,20,50.72958174,3
451,y260,Ketapril,25,54.43756172,4
452,y260,Ketapril,30,58.58267634,4
453,y260,Ketapril,35,59.60355821,4
454,y260,Ketapril,40,60.91417627,4
455,y260,Ketapril,45,62.90944062,4
456,k382,Ketapril,0,45.0,0
457,k382,Ketapril,5,46.27499735,1
458,k382,Ketapril,10,50.18096763,1
459,k382,Ketapril,15,54.42916821,1
460,k382,Ketapril,20,57.82435071,2
461,k382,Ketapril,25,59.50390392,3
462,k382,Ketapril,30,63.46944155,4
463,k382,Ketapril,35,66.07918483,4
464,k382,Ketapril,40,67.42095521,4
465,k382,Ketapril,45,73.71561899999999,4
466,c580,Ketapril,0,45.0,0
467,c580,Ketapril,5,46.62845479999999,0
468,c580,Ketapril,10,47.57017382,1
469,c580,Ketapril,15,51.991708,1
470,c580,Ketapril,20,55.57532195,2
471,c580,Ketapril,25,56.28906231,2
472,c580,Ketapril,30,58.04656941,3
473,w422,Ketapril,0,45.0,0
474,w422,Ketapril,5,48.45745927,0
475,w422,Ketapril,10,49.93597024,0
476,w422,Ketapril,15,52.24630985,0
477,w422,Ketapril,20,53.67624336,1
478,w422,Ketapril,25,56.95791715,2
479,w422,Ketapril,30,60.09663467,3
480,w422,Ketapril,35,61.40961994,4
481,w422,Ketapril,40,63.07258467,4
482,w422,Ketapril,45,67.98953001,4
483,m550,Ketapril,0,45.0,0
484,m550,Ketapril,5,49.05409736,1
485,m550,Ketapril,10,50.54803457,2
486,m550,Ketapril,15,51.16606544,3
487,m550,Ketapril,20,53.75794476,3
488,m550,Ketapril,25,57.62068237,4
489,m550,Ketapril,30,60.85654272,4
490,m550,Ketapril,35,62.53915386,4
491,m550,Ketapril,40,68.21072019,4
492,m550,Ketapril,45,69.25350312,4
493,v289,Ketapril,0,45.0,0
494,v289,Ketapril,5,46.20446003,0
495,v289,Ketapril,10,48.13348207,0
496,v289,Ketapril,15,52.60216564,0
497,v289,Ketapril,20,54.25005397,0
498,v289,Ketapril,25,56.72009545,0
499,m650,Ketapril,0,45.0,0
500,m650,Ketapril,5,48.56249492,1
501,m650,Ketapril,10,50.96899763,1
502,m650,Ketapril,15,53.14955933,1
503,m650,Ketapril,20,56.777938799999994,2
504,m650,Ketapril,25,62.253596900000005,2
505,m650,Ketapril,30,64.90188755,3
506,m650,Ketapril,35,69.26574681,4
507,m650,Ketapril,40,70.79706787,4
508,m650,Ketapril,45,73.90139912,4
509,l264,Ketapril,0,45.0,0
510,l264,Ketapril,5,46.66876646,0
511,l264,Ketapril,10,50.65958094,0
512,o331,Ketapril,0,45.0,0
513,o331,Ketapril,5,47.05966408,1
514,o331,Ketapril,10,50.12845481,1
515,o331,Ketapril,15,54.78976769,1
516,o331,Ketapril,20,58.96572043,1
517,o331,Ketapril,25,61.10230575,1
518,o331,Ketapril,30,66.33066347,1
519,o331,Ketapril,35,70.12623754,2
520,o331,Ketapril,40,71.44774251,3
521,o331,Ketapril,45,78.56701362,4
522,c832,Ketapril,0,45.0,0
523,c832,Ketapril,5,48.68546123,1
524,c832,Ketapril,10,49.81141262,1
525,c832,Ketapril,15,52.86453449,1
526,c832,Ketapril,20,56.71023353,1
527,c832,Ketapril,25,58.89181644,2
528,c832,Ketapril,30,60.49637579,2
529,c832,Ketapril,35,61.12448717,2
530,c832,Ketapril,40,62.57231816,2
531,c832,Ketapril,45,65.41595451,3
532,o973,Ketapril,0,45.0,0
533,o973,Ketapril,5,46.71787727,0
534,o973,Ketapril,10,48.24579043,0
535,o973,Ketapril,15,49.87193582,0
536,o973,Ketapril,20,51.956993100000005,1
537,o973,Ketapril,25,53.17981471,1
538,o973,Ketapril,30,57.76995952,1
539,o973,Ketapril,35,60.24221931,1
540,o973,Ketapril,40,64.48781246,2
541,d474,Ketapril,0,45.0,0
542,d474,Ketapril,5,45.91835225,0
543,d474,Ketapril,10,46.97496297,0
544,d474,Ketapril,15,47.77793584,0
545,d474,Ketapril,20,51.73149416,0
546,d474,Ketapril,25,54.27932462,0
547,d474,Ketapril,30,55.34134157,0
548,d474,Ketapril,35,56.47911257,0
549,d474,Ketapril,40,60.23373278,1
550,g497,Ketapril,0,45.0,0
551,g497,Ketapril,5,48.78206878,0
552,g497,Ketapril,10,49.6470865,0
553,g497,Ketapril,15,53.64616804,1
554,g497,Ketapril,20,55.09699356,1
555,g497,Ketapril,25,57.52444611,2
556,g497,Ketapril,30,61.108185999999996,2
557,g497,Ketapril,35,64.09488929999999,2
558,g497,Ketapril,40,67.74281406,2
559,g497,Ketapril,45,69.87225079,2
560,f278,Ketapril,0,45.0,0
561,f278,Ketapril,5,48.19457788,0
562,v603,Ketapril,0,45.0,0
563,v603,Ketapril,5,46.01600593,0
564,v603,Ketapril,10,47.8305568,0
565,v603,Ketapril,15,52.10294744,0
566,v603,Ketapril,20,53.72124193,0
567,v603,Ketapril,25,56.07523001,1
568,v603,Ketapril,30,57.99055378,1
569,v603,Ketapril,35,63.18943184,1
570,u327,Ketapril,0,45.0,0
571,u327,Ketapril,5,45.69418805,0
572,u327,Ketapril,10,49.23525948,0
573,u327,Ketapril,15,50.65996437,0
574,u327,Ketapril,20,53.18987907,0
575,u327,Ketapril,25,56.05963409,0
576,u327,Ketapril,30,57.31407239,0
577,u327,Ketapril,35,58.08902837,1
578,u327,Ketapril,40,60.46654541,1
579,u327,Ketapril,45,66.26880133,2
580,h428,Ketapril,0,45.0,0
581,b128,Capomulin,0,45.0,0
582,b128,Capomulin,5,45.65133131,0
583,b128,Capomulin,10,43.2708519,0
584,b128,Capomulin,15,43.78489343,0
585,b128,Capomulin,20,42.731552,0
586,b128,Capomulin,25,43.26214483,1
587,b128,Capomulin,30,40.60533486,1
588,b128,Capomulin,35,37.96764437,1
589,b128,Capomulin,40,38.3797259,2
590,b128,Capomulin,45,38.98287774,2
591,r944,Capomulin,0,45.0,0
592,r944,Capomulin,5,45.73714484,0
593,r944,Capomulin,10,46.54429202,0
594,r944,Capomulin,15,47.37342325,0
595,r944,Capomulin,20,43.22567119,1
596,r944,Capomulin,25,41.08699106,1
597,r944,Capomulin,30,41.68079111,1
598,r944,Capomulin,35,40.40176542,2
599,r944,Capomulin,40,41.04204489999999,2
600,r944,Capomulin,45,41.58152074,2
601,s185,Capomulin,0,45.0,0
602,s185,Capomulin,5,43.87849569,0
603,s185,Capomulin,10,37.61494768,0
604,s185,Capomulin,15,38.17723195,0
605,s185,Capomulin,20,36.86687576,0
606,s185,Capomulin,25,33.94994037,0
607,s185,Capomulin,30,32.95967078,1
608,s185,Capomulin,35,28.32853059,1
609,s185,Capomulin,40,25.47214326,1
610,s185,Capomulin,45,23.34359787,1
611,w914,Capomulin,0,45.0,0
612,w914,Capomulin,5,45.89372032,0
613,w914,Capomulin,10,43.23196275,0
614,w914,Capomulin,15,43.68844893,0
615,w914,Capomulin,20,41.10809233,0
616,w914,Capomulin,25,40.29191661,0
617,w914,Capomulin,30,40.99311013,0
618,w914,Capomulin,35,41.66491577,1
619,w914,Capomulin,40,35.61130861,2
620,w914,Capomulin,45,36.04104736,2
621,l897,Capomulin,0,45.0,0
622,l897,Capomulin,5,45.46224327,0
623,l897,Capomulin,10,46.15473721,0
624,l897,Capomulin,15,44.0615214,0
625,l897,Capomulin,20,44.81309343,0
626,l897,Capomulin,25,45.35467916,0
627,l897,Capomulin,30,39.35279201,1
628,l897,Capomulin,35,37.68276664,1
629,l897,Capomulin,40,38.34390154,1
630,l897,Capomulin,45,38.84687569,1
631,b742,Capomulin,0,45.0,0
632,b742,Capomulin,5,41.53409702,0
633,b742,Capomulin,10,41.99922813,0
634,b742,Capomulin,15,39.52484301,0
635,b742,Capomulin,20,37.95035546,0
636,b742,Capomulin,25,38.61768433,0
637,b742,Capomulin,30,39.1679495,0
638,b742,Capomulin,35,39.84757556,0
639,b742,Capomulin,40,38.255627399999995,0
640,b742,Capomulin,45,38.93963263,0
641,f966,Capomulin,0,45.0,0
642,f966,Capomulin,5,38.79647373,0
643,f966,Capomulin,10,35.6244027,0
644,f966,Capomulin,15,32.62300253,0
645,f966,Capomulin,20,30.48598484,0
646,u364,Capomulin,0,45.0,0
647,u364,Capomulin,5,45.76088647,1
648,u364,Capomulin,10,46.56841719,2
649,u364,Capomulin,15,47.21219992,2
650,u364,Capomulin,20,40.34394812,2
651,u364,Capomulin,25,35.50361557,2
652,u364,Capomulin,30,35.9783344,2
653,u364,Capomulin,35,35.45948978,2
654,u364,Capomulin,40,36.02413752,2
655,u364,Capomulin,45,31.02392294,3
656,j119,Capomulin,0,45.0,0
657,j119,Capomulin,5,45.83899787,0
658,j119,Capomulin,10,46.42536551,0
659,j119,Capomulin,15,47.32298428,0
660,j119,Capomulin,20,48.15820939,1
661,j119,Capomulin,25,42.41716589,1
662,j119,Capomulin,30,43.01368114,1
663,j119,Capomulin,35,43.76570537,1
664,j119,Capomulin,40,44.5850896,1
665,j119,Capomulin,45,38.125164399999996,1
666,l509,Capomulin,0,45.0,0
667,l509,Capomulin,5,45.85119285,0
668,l509,Capomulin,10,46.75907363,0
669,l509,Capomulin,15,47.48859931,1
670,l509,Capomulin,20,48.07045162,2
671,l509,Capomulin,25,44.00625702,2
672,l509,Capomulin,30,44.70805473,2
673,l509,Capomulin,35,40.207288500000004,2
674,l509,Capomulin,40,40.77081259,2
675,l509,Capomulin,45,41.48300765,3
676,m957,Capomulin,0,45.0,0
677,m957,Capomulin,5,45.62238149,1
678,m957,Capomulin,10,46.414517700000005,1
679,m957,Capomulin,15,39.80445341,1
680,m957,Capomulin,20,38.90934919,1
681,m957,Capomulin,25,37.69543154,1
682,m957,Capomulin,30,38.21247939,1
683,m957,Capomulin,35,32.56283914,1
684,m957,Capomulin,40,32.94761484,1
685,m957,Capomulin,45,33.32909778,1
686,g316,Capomulin,0,45.0,0
687,g316,Capomulin,5,44.02275246,0
688,g316,Capomulin,10,44.50204246,0
689,g316,Capomulin,15,45.21674299,0
690,g316,Capomulin,20,45.93332219,1
691,g316,Capomulin,25,46.80922469,1
692,g316,Capomulin,30,44.22147988,2
693,g316,Capomulin,35,44.70283296,2
694,g316,Capomulin,40,45.56582103,2
695,g316,Capomulin,45,40.1592203,2
696,r554,Capomulin,0,45.0,0
697,r554,Capomulin,5,45.78174579,1
698,r554,Capomulin,10,39.0054935,2
699,r554,Capomulin,15,35.46375763,2
700,r554,Capomulin,20,36.01558858,2
701,r554,Capomulin,25,33.89334515,3
702,r554,Capomulin,30,32.68065459,3
703,r554,Capomulin,35,33.06933705,3
704,r554,Capomulin,40,31.80484133,3
705,r554,Capomulin,45,32.37735684,3
706,g288,Capomulin,0,45.0,0
707,g288,Capomulin,5,45.83939976,0
708,g288,Capomulin,10,46.30400254,1
709,g288,Capomulin,15,42.17230079,1
710,g288,Capomulin,20,42.95712001,1
711,g288,Capomulin,25,42.36869239,1
712,g288,Capomulin,30,42.87446056,1
713,g288,Capomulin,35,38.95411458,1
714,g288,Capomulin,40,36.35685121,1
715,g288,Capomulin,45,37.07402422,1
716,y793,Capomulin,0,45.0,0
717,y793,Capomulin,5,41.01991315,0
718,y793,Capomulin,10,41.63001026,1
719,y793,Capomulin,15,42.28366512,1
720,y793,Capomulin,20,40.71642815,2
721,y793,Capomulin,25,38.9927339,2
722,y793,Capomulin,30,35.72602314,2
723,y793,Capomulin,35,36.3278696,2
724,y793,Capomulin,40,31.47541076,2
725,y793,Capomulin,45,31.896238399999998,2
726,i738,Capomulin,0,45.0,0
727,i738,Capomulin,5,45.59568527,0
728,i738,Capomulin,10,43.42101414,0
729,i738,Capomulin,15,37.97877782,0
730,i738,Capomulin,20,38.53113634,0
731,i738,Capomulin,25,34.97343761,0
732,i738,Capomulin,30,35.57877987,1
733,i738,Capomulin,35,36.17595269,1
734,i738,Capomulin,40,36.84389799,2
735,i738,Capomulin,45,37.31184577,2
736,s710,Capomulin,0,45.0,0
737,s710,Capomulin,5,43.180977399999996,0
738,s710,Capomulin,10,43.68802627,0
739,s710,Capomulin,15,41.84523536,0
740,s710,Capomulin,20,42.62996266,1
741,s710,Capomulin,25,43.06040875,1
742,s710,Capomulin,30,43.57170323,1
743,s710,Capomulin,35,44.16051879,1
744,s710,Capomulin,40,40.17192011,1
745,s710,Capomulin,45,40.72857787,1
746,i557,Capomulin,0,45.0,0
747,i557,Capomulin,5,42.2616653,0
748,i557,Capomulin,10,42.99207658,0
749,i557,Capomulin,15,43.529875700000005,0
750,i557,Capomulin,20,43.96789516,0
751,i557,Capomulin,25,44.59621854,0
752,i557,Capomulin,30,45.26138381,0
753,i557,Capomulin,35,45.94194901,0
754,i557,Capomulin,40,46.82106972,1
755,i557,Capomulin,45,47.68596303,1
756,v923,Capomulin,0,45.0,0
757,v923,Capomulin,5,45.70443431,0
758,v923,Capomulin,10,39.84822328,0
759,v923,Capomulin,15,40.45798877,0
760,v923,Capomulin,20,39.64829568,0
761,v923,Capomulin,25,40.15641269,1
762,v923,Capomulin,30,40.75221626,2
763,v923,Capomulin,35,41.43924156,2
764,v923,Capomulin,40,42.1510148,2
765,v923,Capomulin,45,40.65812366,2
766,x401,Capomulin,0,45.0,0
767,x401,Capomulin,5,45.47375302,0
768,x401,Capomulin,10,39.11389068,0
769,x401,Capomulin,15,39.77625003,0
770,x401,Capomulin,20,36.06583471,0
771,x401,Capomulin,25,36.61712031,0
772,x401,Capomulin,30,32.91529186,0
773,x401,Capomulin,35,30.20682488,0
774,x401,Capomulin,40,28.16739732,0
775,x401,Capomulin,45,28.48403281,0
776,m601,Capomulin,0,45.0,0
777,m601,Capomulin,5,41.40859145,1
778,m601,Capomulin,10,36.82536664,1
779,m601,Capomulin,15,35.46461175,1
780,m601,Capomulin,20,34.255731700000005,1
781,m601,Capomulin,25,33.11875607,1
782,m601,Capomulin,30,31.75827491,1
783,m601,Capomulin,35,30.83435704,1
784,m601,Capomulin,40,31.378045299999997,1
785,m601,Capomulin,45,28.43096411,1
786,w150,Capomulin,0,45.0,0
787,w150,Capomulin,5,39.20212894,0
788,w150,Capomulin,10,39.95234669,0
789,t565,Capomulin,0,45.0,0
790,t565,Capomulin,5,45.8956472,0
791,t565,Capomulin,10,46.74900552,0
792,t565,Capomulin,15,44.44094861,0
793,t565,Capomulin,20,39.0702138,0
794,t565,Capomulin,25,37.34220976,0
795,t565,Capomulin,30,32.86891617,0
796,t565,Capomulin,35,33.51567063,0
797,t565,Capomulin,40,33.94934131,0
798,t565,Capomulin,45,34.45529799,0
799,r157,Capomulin,0,45.0,0
800,r157,Capomulin,5,45.59706359,0
801,r157,Capomulin,10,46.05960827,0
802,r157,Capomulin,15,46.53920617,0
803,j246,Capomulin,0,45.0,0
804,j246,Capomulin,5,45.64143788,0
805,j246,Capomulin,10,46.408361299999996,0
806,j246,Capomulin,15,43.31265415,0
807,j246,Capomulin,20,44.02037009,0
808,j246,Capomulin,25,44.55522595,0
809,j246,Capomulin,30,38.04408202,1
810,j246,Capomulin,35,38.75326548,1
811,q132,Infubinol,0,45.0,0
812,q132,Infubinol,5,46.7163985,1
813,q132,Infubinol,10,47.95384377,2
814,q132,Infubinol,15,49.15974862,3
815,q132,Infubinol,20,51.90902494,4
816,q132,Infubinol,25,52.78048929999999,4
817,q132,Infubinol,30,54.65654872,4
818,i386,Infubinol,0,45.0,0
819,i386,Infubinol,5,46.85369669,1
820,i386,Infubinol,10,49.86154739,2
821,i386,Infubinol,15,51.73656088,2
822,i386,Infubinol,20,55.08772445,2
823,i386,Infubinol,25,56.68786392,3
824,i386,Infubinol,30,59.13364029,3
825,i386,Infubinol,35,64.92542037,3
826,i386,Infubinol,40,67.28962147,4
827,a251,Infubinol,0,45.0,0
828,a251,Infubinol,5,46.98212719,0
829,a251,Infubinol,10,48.59117901,1
830,a251,Infubinol,15,50.53445603,1
831,a251,Infubinol,20,54.46259376,1
832,a251,Infubinol,25,57.41464570000001,1
833,a251,Infubinol,30,59.86124129,1
834,a251,Infubinol,35,60.90388455,1
835,a251,Infubinol,40,63.09507565,1
836,a251,Infubinol,45,65.52574285,1
837,z581,Infubinol,0,45.0,0
838,z581,Infubinol,5,49.27309187,1
839,z581,Infubinol,10,50.47875016,2
840,z581,Infubinol,15,51.1963042,2
841,z581,Infubinol,20,51.80794416,2
842,z581,Infubinol,25,54.31640682,2
843,z581,Infubinol,30,56.28674991,2
844,z581,Infubinol,35,58.62839878,3
845,z581,Infubinol,40,60.05373963,3
846,z581,Infubinol,45,62.75445141,3
847,o809,Infubinol,0,45.0,0
848,o809,Infubinol,5,46.87724316,0
849,o809,Infubinol,10,48.6707318,0
850,o809,Infubinol,15,49.68344504,1
851,o809,Infubinol,20,50.33655288,1
852,o809,Infubinol,25,52.31817407,1
853,o809,Infubinol,30,54.832628799999995,1
854,o809,Infubinol,35,55.62942846,1
855,k804,Infubinol,0,45.0,0
856,k804,Infubinol,5,48.26620364,0
857,k804,Infubinol,10,49.47124419,0
858,k804,Infubinol,15,50.47761824,0
859,k804,Infubinol,20,54.48451945,0
860,k804,Infubinol,25,55.67480798,1
861,k804,Infubinol,30,59.24061511,2
862,k804,Infubinol,35,62.11727887,2
863,k483,Infubinol,0,45.0,0
864,k483,Infubinol,5,46.61105571,0
865,k483,Infubinol,10,50.29604123,1
866,k483,Infubinol,15,53.24445813,1
867,k483,Infubinol,20,54.77896052,1
868,k483,Infubinol,25,57.43200731,2
869,k483,Infubinol,30,59.74707708,2
870,k483,Infubinol,35,60.54156159,2
871,k483,Infubinol,40,64.13872489,3
872,k483,Infubinol,45,66.19691151,3
873,y163,Infubinol,0,45.0,0
874,y163,Infubinol,5,48.28497016,0
875,y163,Infubinol,10,49.112399100000005,1
876,y163,Infubinol,15,51.52306843,1
877,y163,Infubinol,20,54.57107607,1
878,y163,Infubinol,25,56.17638452,1
879,y163,Infubinol,30,59.41253724,2
880,y163,Infubinol,35,61.73019562,2
881,y163,Infubinol,40,63.62067958,2
882,y163,Infubinol,45,67.68556862,3
883,a577,Infubinol,0,45.0,0
884,a577,Infubinol,5,46.197719899999996,1
885,a577,Infubinol,10,49.5096389,1
886,a577,Infubinol,15,50.91500662,2
887,a577,Infubinol,20,52.36518457,2
888,a577,Infubinol,25,54.38093154,2
889,a577,Infubinol,30,57.03186187,2
890,v339,Infubinol,0,45.0,0
891,v339,Infubinol,5,46.25011212,0
892,c139,Infubinol,0,45.0,0
893,c139,Infubinol,5,48.75311208,0
894,c139,Infubinol,10,49.99295391,0
895,c139,Infubinol,15,51.8332246,0
896,c139,Infubinol,20,56.74200681,0
897,c139,Infubinol,25,61.46196976,0
898,c139,Infubinol,30,64.14987077,1
899,c139,Infubinol,35,67.82141969,1
900,c139,Infubinol,40,69.42814095,2
901,c139,Infubinol,45,72.2267309,2
902,c326,Infubinol,0,45.0,0
903,c326,Infubinol,5,49.34020318,0
904,v719,Infubinol,0,45.0,0
905,v719,Infubinol,5,47.18836325,0
906,v719,Infubinol,10,51.49705412,1
907,v719,Infubinol,15,52.60910758,1
908,v719,Infubinol,20,54.04860769,1
909,c895,Infubinol,0,45.0,0
910,c895,Infubinol,5,45.47754399,0
911,c895,Infubinol,10,49.77901542,0
912,c895,Infubinol,15,52.94946474,1
913,c895,Infubinol,20,53.67683960000001,2
914,c895,Infubinol,25,57.53419288,2
915,c895,Infubinol,30,60.96971133,2
916,f345,Infubinol,0,45.0,0
917,f345,Infubinol,5,45.5911466,0
918,f345,Infubinol,10,47.22244619,0
919,f345,Infubinol,15,48.35223854,0
920,f345,Infubinol,20,49.61338303,0
921,f345,Infubinol,25,53.0788944,0
922,f345,Infubinol,30,54.36379731,1
923,f345,Infubinol,35,56.52332726,1
924,f345,Infubinol,40,58.31559250000001,1
925,f345,Infubinol,45,60.91876652,1
926,a203,Infubinol,0,45.0,0
927,a203,Infubinol,5,48.5084684,0
928,a203,Infubinol,10,51.852437200000004,1
929,a203,Infubinol,15,52.7778705,1
930,a203,Infubinol,20,55.17333648,1
931,a203,Infubinol,25,56.79320832,1
932,a203,Infubinol,30,59.52319728,1
933,a203,Infubinol,35,61.93165007,2
934,a203,Infubinol,40,63.59349002,2
935,a203,Infubinol,45,67.97341878,2
936,w584,Infubinol,0,45.0,0
937,w584,Infubinol,5,46.05193075,0
938,w584,Infubinol,10,47.29850794,0
939,w584,Infubinol,15,51.26543971,0
940,w584,Infubinol,20,53.32350743,1
941,w584,Infubinol,25,55.65083791,1
942,w584,Infubinol,30,58.26844248,1
943,e476,Infubinol,0,45.0,0
944,e476,Infubinol,5,47.11180113,0
945,e476,Infubinol,10,49.43168536,0
946,e476,Infubinol,15,54.04621267,0
947,e476,Infubinol,20,55.24927296,0
948,e476,Infubinol,25,57.408638,0
949,e476,Infubinol,30,57.99279743,1
950,e476,Infubinol,35,60.064340200000004,1
951,e476,Infubinol,40,61.52527583,1
952,e476,Infubinol,45,62.43540402,1
953,w193,Infubinol,0,45.0,0
954,w193,Infubinol,5,45.49385802,0
955,w193,Infubinol,10,48.34655046,0
956,w193,Infubinol,15,49.38557373,0
957,w193,Infubinol,20,50.00513807,0
958,v766,Infubinol,0,45.0,0
959,v766,Infubinol,5,48.15125091,1
960,v766,Infubinol,10,50.36310988,1
961,v766,Infubinol,15,51.54243058,1
962,s121,Infubinol,0,45.0,0
963,s121,Infubinol,5,45.63566174,1
964,s121,Infubinol,10,49.04883479,1
965,s121,Infubinol,15,50.82456031,2
966,s121,Infubinol,20,52.0050659,2
967,s121,Infubinol,25,55.65068132,2
968,n671,Infubinol,0,45.0,0
969,n671,Infubinol,5,47.35388938,0
970,n671,Infubinol,10,51.03935653,0
971,n671,Infubinol,15,54.21606411,0
972,n671,Infubinol,20,54.82252091,0
973,n671,Infubinol,25,56.17445785,0
974,n671,Infubinol,30,60.16518046,0
975,m756,Infubinol,0,45.0,0
976,m756,Infubinol,5,47.01036401,1
977,o813,Infubinol,0,45.0,0
978,o813,Infubinol,5,45.69933088,0
979,a685,Infubinol,0,45.0,0
980,a685,Infubinol,5,46.87048256,0
981,a685,Infubinol,10,47.66475264,0
982,a685,Infubinol,15,48.95147442,0
983,a685,Infubinol,20,49.49055902,0
984,a685,Infubinol,25,51.93995092,0
985,a685,Infubinol,30,55.45385519,1
986,a685,Infubinol,35,58.09262925,1
987,a685,Infubinol,40,60.56790371,2
988,a685,Infubinol,45,66.08306589,3
989,h531,Ceftamin,0,45.0,0
990,h531,Ceftamin,5,47.784681799999994,0
991,w151,Ceftamin,0,45.0,0
992,w151,Ceftamin,5,45.54607595,1
993,w151,Ceftamin,10,46.50147609,1
994,w151,Ceftamin,15,47.24292865,1
995,w151,Ceftamin,20,49.55426295,2
996,w151,Ceftamin,25,51.869058700000004,2
997,w151,Ceftamin,30,56.76715821,2
998,w151,Ceftamin,35,58.33914095,2
999,w151,Ceftamin,40,62.18795039,2
1000,w151,Ceftamin,45,67.52748237,3
1001,b447,Ceftamin,0,45.0,0
1002,u153,Ceftamin,0,45.0,0
1003,j296,Ceftamin,0,45.0,0
1004,j296,Ceftamin,5,46.79925591,1
1005,j296,Ceftamin,10,48.52997762,2
1006,j296,Ceftamin,15,50.70127959,2
1007,j296,Ceftamin,20,54.00534209,3
1008,j296,Ceftamin,25,55.76714817,3
1009,j296,Ceftamin,30,56.80306121,3
1010,j296,Ceftamin,35,58.71448296,3
1011,j296,Ceftamin,40,60.07268848,3
1012,j296,Ceftamin,45,61.84902336,3
1013,l661,Ceftamin,0,45.0,0
1014,l661,Ceftamin,5,46.26879904,0
1015,l661,Ceftamin,10,49.68361956,0
1016,l661,Ceftamin,15,50.94754484,1
1017,l661,Ceftamin,20,52.61749003,1
1018,l661,Ceftamin,25,53.18065678,2
1019,l661,Ceftamin,30,55.32909936,2
1020,l661,Ceftamin,35,56.47412871,2
1021,l661,Ceftamin,40,59.20566876,3
1022,l661,Ceftamin,45,59.85195552,3
1023,y769,Ceftamin,0,45.0,0
1024,y769,Ceftamin,5,46.42265176,1
1025,y769,Ceftamin,10,48.01516261,1
1026,y769,Ceftamin,15,52.76102114,2
1027,y769,Ceftamin,20,55.02572434,2
1028,y769,Ceftamin,25,58.33595901,3
1029,y769,Ceftamin,30,61.07194886,3
1030,y769,Ceftamin,35,63.43063221,3
1031,y769,Ceftamin,40,64.25102761,4
1032,y769,Ceftamin,45,68.59474498,4
1033,y865,Ceftamin,0,45.0,0
1034,y865,Ceftamin,5,46.73500592,1
1035,y865,Ceftamin,10,49.52273955,1
1036,y865,Ceftamin,15,50.80651856,1
1037,y865,Ceftamin,20,52.36198241,1
1038,y865,Ceftamin,25,57.17353846,2
1039,y865,Ceftamin,30,59.0332753,3
1040,y865,Ceftamin,35,61.15313991,3
1041,y865,Ceftamin,40,63.46954946,3
1042,y865,Ceftamin,45,64.72983655,3
1043,l471,Ceftamin,0,45.0,0
1044,l471,Ceftamin,5,46.25187204,0
1045,l471,Ceftamin,10,48.18206306,0
1046,l471,Ceftamin,15,49.40687901,0
1047,l471,Ceftamin,20,52.22832698,0
1048,l471,Ceftamin,25,52.84755893,1
1049,l471,Ceftamin,30,58.09360446,1
1050,l471,Ceftamin,35,61.40599916,1
1051,l471,Ceftamin,40,63.84485785,1
1052,l471,Ceftamin,45,67.74866174,1
1053,b759,Ceftamin,0,45.0,0
1054,b759,Ceftamin,5,48.00919049,0
1055,b759,Ceftamin,10,49.13335499,0
1056,b759,Ceftamin,15,51.58779906,0
1057,b759,Ceftamin,20,54.44303502,0
1058,b759,Ceftamin,25,55.08363235,0
1059,b759,Ceftamin,30,55.74282869,1
1060,l490,Ceftamin,0,45.0,0
1061,l490,Ceftamin,5,45.61253918,1
1062,l490,Ceftamin,10,47.25960594,1
1063,l490,Ceftamin,15,50.52481268,1
1064,l490,Ceftamin,20,51.90544699,1
1065,l490,Ceftamin,25,55.81003359,2
1066,l490,Ceftamin,30,57.91838132,3
1067,f436,Ceftamin,0,45.0,0
1068,f436,Ceftamin,5,46.37079759,1
1069,f436,Ceftamin,10,48.14697758,2
1070,f436,Ceftamin,15,48.72207785,2
1071,l733,Ceftamin,0,45.0,0
1072,l733,Ceftamin,5,46.17422627,0
1073,l733,Ceftamin,10,48.35495154,0
1074,l733,Ceftamin,15,49.28519504,0
1075,l733,Ceftamin,20,53.24431157,1
1076,l733,Ceftamin,25,54.95166826,1
1077,l733,Ceftamin,30,56.31906537,1
1078,l733,Ceftamin,35,57.60079774,1
1079,l733,Ceftamin,40,59.44350649999999,1
1080,l733,Ceftamin,45,64.29983003,1
1081,l558,Ceftamin,0,45.0,0
1082,l558,Ceftamin,5,45.80908882,0
1083,l558,Ceftamin,10,46.78453491,0
1084,x822,Ceftamin,0,45.0,0
1085,x822,Ceftamin,5,45.67110442,1
1086,x822,Ceftamin,10,48.98371668,1
1087,x822,Ceftamin,15,49.69466533,1
1088,x822,Ceftamin,20,51.91490968,2
1089,x822,Ceftamin,25,54.04133326,2
1090,x822,Ceftamin,30,55.44515483,2
1091,x822,Ceftamin,35,56.79656665,2
1092,x822,Ceftamin,40,59.55568466,2
1093,x822,Ceftamin,45,61.38666032,3
1094,u149,Ceftamin,0,45.0,0
1095,u149,Ceftamin,5,45.79206792,0
1096,u149,Ceftamin,10,47.40483439,0
1097,u149,Ceftamin,15,48.52237343,0
1098,u149,Ceftamin,20,50.37805789,0
1099,u149,Ceftamin,25,52.92534846,0
1100,k210,Ceftamin,0,45.0,0
1101,k210,Ceftamin,5,47.91899771,0
1102,k210,Ceftamin,10,49.37993231,0
1103,k210,Ceftamin,15,51.07355752,0
1104,k210,Ceftamin,20,51.99761855,0
1105,k210,Ceftamin,25,54.61397279,0
1106,k210,Ceftamin,30,59.98950976,1
1107,k210,Ceftamin,35,63.32933023,1
1108,k210,Ceftamin,40,66.62283628,2
1109,k210,Ceftamin,45,68.92318457,3
1110,a275,Ceftamin,0,45.0,0
1111,a275,Ceftamin,5,46.79525728,0
1112,a275,Ceftamin,10,47.37134328,0
1113,a275,Ceftamin,15,49.73440359,0
1114,a275,Ceftamin,20,50.51343652,1
1115,a275,Ceftamin,25,53.57606417,1
1116,a275,Ceftamin,30,54.44471317,2
1117,a275,Ceftamin,35,56.35353804,2
1118,a275,Ceftamin,40,60.92153868,3
1119,a275,Ceftamin,45,62.99935619,3
1120,x581,Ceftamin,0,45.0,0
1121,x581,Ceftamin,5,47.1969266,0
1122,x581,Ceftamin,10,49.06702788,1
1123,x581,Ceftamin,15,49.74642744,2
1124,x581,Ceftamin,20,51.20796943,3
1125,x581,Ceftamin,25,51.93528318,3
1126,x581,Ceftamin,30,55.49282602,3
1127,x581,Ceftamin,35,58.07758293,3
1128,x581,Ceftamin,40,60.28040549,3
1129,x581,Ceftamin,45,64.63494887,3
1130,t573,Ceftamin,0,45.0,0
1131,q483,Ceftamin,0,45.0,0
1132,q483,Ceftamin,5,46.77681624,1
1133,q483,Ceftamin,10,47.8391005,1
1134,q483,Ceftamin,15,48.4684826,1
1135,q483,Ceftamin,20,50.239855799999994,1
1136,q483,Ceftamin,25,52.43006649,1
1137,q483,Ceftamin,30,54.95222585,1
1138,q483,Ceftamin,35,59.25348433,1
1139,q483,Ceftamin,40,64.19234114,1
1140,o287,Ceftamin,0,45.0,0
1141,o287,Ceftamin,5,45.58680362,0
1142,o287,Ceftamin,10,47.36020084,1
1143,o287,Ceftamin,15,48.67945261,1
1144,o287,Ceftamin,20,50.85614078,2
1145,o287,Ceftamin,25,52.06848642,3
1146,o287,Ceftamin,30,54.50300122,3
1147,o287,Ceftamin,35,55.11829029,4
1148,o287,Ceftamin,40,57.1971929,4
1149,o287,Ceftamin,45,59.74190064,4
1150,b487,Ceftamin,0,45.0,0
1151,b487,Ceftamin,5,46.21397739,0
1152,b487,Ceftamin,10,47.664387100000006,0
1153,b487,Ceftamin,15,51.68325586,0
1154,b487,Ceftamin,20,53.42766344,0
1155,b487,Ceftamin,25,56.05774909,1
1156,p438,Ceftamin,0,45.0,0
1157,p438,Ceftamin,5,46.82793418,0
1158,p438,Ceftamin,10,50.51749789,0
1159,p438,Ceftamin,15,52.19836818,0
1160,p438,Ceftamin,20,52.90529861,0
1161,p438,Ceftamin,25,54.51057493,0
1162,p438,Ceftamin,30,56.40642173,0
1163,p438,Ceftamin,35,57.53855546,1
1164,p438,Ceftamin,40,59.30528806,1
1165,p438,Ceftamin,45,61.43389223,1
1166,x226,Ceftamin,0,45.0,0
1167,c927,Propriva,0,45.0,0
1168,c927,Propriva,5,46.35184205,0
1169,c927,Propriva,10,50.96529767,1
1170,c927,Propriva,15,53.26643087,1
1171,c927,Propriva,20,55.48168922,1
1172,c927,Propriva,25,56.54551947,2
1173,c927,Propriva,30,60.753924600000005,2
1174,c927,Propriva,35,61.87227365,3
1175,c927,Propriva,40,64.18322918,4
1176,v991,Propriva,0,45.0,0
1177,v991,Propriva,5,49.21432799,1
1178,v991,Propriva,10,52.6449057,1
1179,v991,Propriva,15,54.588591,1
1180,v991,Propriva,20,57.74069459,2
1181,v991,Propriva,25,60.01674733,2
1182,v991,Propriva,30,62.74364308,3
1183,v991,Propriva,35,63.89531294,4
1184,v991,Propriva,40,64.8511286,4
1185,v991,Propriva,45,70.16774899,4
1186,o562,Propriva,0,45.0,0
1187,o562,Propriva,5,46.51495016,1
1188,o562,Propriva,10,47.14767002,1
1189,o562,Propriva,15,51.50508551,1
1190,o562,Propriva,20,53.61686347,1
1191,o562,Propriva,25,54.74273316,1
1192,o562,Propriva,30,59.65352453,1
1193,o562,Propriva,35,65.36076742,1
1194,o562,Propriva,40,71.17246321,1
1195,o562,Propriva,45,72.45542116,2
1196,u946,Propriva,0,45.0,0
1197,u946,Propriva,5,45.9918078,1
1198,u946,Propriva,10,46.73050592,1
1199,u946,Propriva,15,47.67302921,1
1200,u946,Propriva,20,49.11004966,1
1201,g558,Propriva,0,45.0,0
1202,g558,Propriva,5,46.18874193,0
1203,g558,Propriva,10,50.09475382,0
1204,g558,Propriva,15,51.007258,0
1205,g558,Propriva,20,55.09009691,1
1206,g558,Propriva,25,55.75408257,2
1207,g558,Propriva,30,58.95282911,3
1208,g558,Propriva,35,60.86215883,4
1209,g558,Propriva,40,61.77496268,4
1210,n678,Propriva,0,45.0,0
1211,n678,Propriva,5,47.55428429,0
1212,n678,Propriva,10,49.14570866,1
1213,z435,Propriva,0,45.0,0
1214,z435,Propriva,5,47.11597963,0
1215,z435,Propriva,10,48.71066147,0
1216,x111,Propriva,0,45.0,0
1217,x111,Propriva,5,46.94101498,1
1218,x111,Propriva,10,49.12296898,1
1219,x209,Propriva,0,45.0,0
1220,x209,Propriva,5,46.75426887,0
1221,x209,Propriva,10,48.92989543,0
1222,g570,Propriva,0,45.0,0
1223,g570,Propriva,5,47.65642436,1
1224,g570,Propriva,10,49.18823167,1
1225,g570,Propriva,15,52.6826954,1
1226,g570,Propriva,20,54.64329541,1
1227,g570,Propriva,25,56.8494056,1
1228,g570,Propriva,30,60.32871705,1
1229,g570,Propriva,35,62.3304204,2
1230,g570,Propriva,40,68.52585616,2
1231,g570,Propriva,45,70.49278763,2
1232,s187,Propriva,0,45.0,0
1233,s187,Propriva,5,47.57671761,1
1234,s187,Propriva,10,48.14635121,1
1235,s187,Propriva,15,52.08163225,1
1236,s187,Propriva,20,53.74473406,1
1237,s187,Propriva,25,56.48521984,1
1238,s187,Propriva,30,60.00878263,2
1239,r107,Propriva,0,45.0,0
1240,r107,Propriva,5,48.51342027,0
1241,r107,Propriva,10,49.18601052,0
1242,r107,Propriva,15,53.09033546,0
1243,r107,Propriva,20,55.263858400000004,0
1244,r107,Propriva,25,57.70666715,1
1245,r107,Propriva,30,58.40647256,1
1246,w746,Propriva,0,45.0,0
1247,w746,Propriva,5,49.45327005,0
1248,i635,Propriva,0,45.0,0
1249,i635,Propriva,5,47.23593715,0
1250,i635,Propriva,10,48.68575605,1
1251,i635,Propriva,15,49.53689775,1
1252,i635,Propriva,20,51.87706189,1
1253,i635,Propriva,25,52.92882323,1
1254,i635,Propriva,30,53.5970382,2
1255,i635,Propriva,35,55.67999656,2
1256,i635,Propriva,40,56.84243514,3
1257,i635,Propriva,45,58.63340414,3
1258,o523,Propriva,0,45.0,0
1259,o523,Propriva,5,45.54470008,0
1260,o523,Propriva,10,47.0810859,1
1261,s141,Propriva,0,45.0,0
1262,s141,Propriva,5,45.83113434,0
1263,s141,Propriva,10,47.23569156,0
1264,s141,Propriva,15,49.23234538,1
1265,s141,Propriva,20,51.6216457,1
1266,s141,Propriva,25,53.80437038,1
1267,s141,Propriva,30,55.84141007,1
1268,l215,Propriva,0,45.0,0
1269,l215,Propriva,5,49.48194935,1
1270,l215,Propriva,10,53.653969599999996,1
1271,t198,Propriva,0,45.0,0
1272,t198,Propriva,5,47.46126052,0
1273,t198,Propriva,10,49.00080978,1
1274,t198,Propriva,15,49.781180799999994,2
1275,t198,Propriva,20,51.49073998,3
1276,t198,Propriva,25,56.18466399,3
1277,t198,Propriva,30,56.92497431,3
1278,t198,Propriva,35,57.73594116,3
1279,t198,Propriva,40,59.12995997,4
1280,t198,Propriva,45,64.91136268,4
1281,n482,Propriva,0,45.0,0
1282,k603,Propriva,0,45.0,0
1283,k603,Propriva,5,46.04211582,0
1284,k603,Propriva,10,46.60694676,0
1285,k603,Propriva,15,48.775285499999995,0
1286,k603,Propriva,20,50.18010935,0
1287,a699,Propriva,0,45.0,0
1288,a699,Propriva,5,46.55308986,0
1289,a699,Propriva,10,47.86737569,0
1290,a699,Propriva,15,49.53040137,0
1291,a699,Propriva,20,50.71242334,0
1292,a699,Propriva,25,51.84638147,0
1293,a699,Propriva,30,54.37934505,0
1294,a699,Propriva,35,56.51068234,1
1295,a699,Propriva,40,58.60544816,1
1296,a699,Propriva,45,62.19141437,1
1297,p310,Propriva,0,45.0,0
1298,p310,Propriva,5,46.55853236,1
1299,p310,Propriva,10,48.66560668,1
1300,p310,Propriva,15,49.77074144,1
1301,p310,Propriva,20,54.20518054,1
1302,p310,Propriva,25,55.34183416,2
1303,w350,Propriva,0,45.0,0
1304,w350,Propriva,5,48.23211311,0
1305,w350,Propriva,10,48.89955238,0
1306,w350,Propriva,15,50.8546323,1
1307,w350,Propriva,20,52.13232061,1
1308,w350,Propriva,25,52.80591518,1
1309,w350,Propriva,30,55.87990896,1
1310,w350,Propriva,35,56.68355758,1
1311,w350,Propriva,40,62.32434769,2
1312,w350,Propriva,45,64.95756185,2
1313,n630,Propriva,0,45.0,0
1314,n630,Propriva,5,46.09909969,0
1315,d133,Zoniferol,0,45.0,0
1316,o926,Zoniferol,0,45.0,0
1317,o926,Zoniferol,5,46.76116373,0
1318,o926,Zoniferol,10,47.56567364,1
1319,o926,Zoniferol,15,48.25424839,1
1320,o926,Zoniferol,20,51.82663825,2
1321,o926,Zoniferol,25,54.76333852,3
1322,o926,Zoniferol,30,56.91739838,3
1323,o926,Zoniferol,35,58.59399318,3
1324,o926,Zoniferol,40,59.90304448,3
1325,o926,Zoniferol,45,62.32796606,4
1326,m331,Zoniferol,0,45.0,0
1327,m331,Zoniferol,5,45.52301371,1
1328,m331,Zoniferol,10,47.64687735,1
1329,m331,Zoniferol,15,52.11008758,1
1330,q511,Zoniferol,0,45.0,0
1331,q511,Zoniferol,5,45.83265378,0
1332,q511,Zoniferol,10,50.31164687,0
1333,q511,Zoniferol,15,52.13308139,0
1334,q511,Zoniferol,20,52.67271205,0
1335,q511,Zoniferol,25,57.25758287,0
1336,q511,Zoniferol,30,59.3643535,1
1337,q511,Zoniferol,35,60.83866059,1
1338,q511,Zoniferol,40,63.19442807,2
1339,q511,Zoniferol,45,68.61106075,3
1340,s337,Zoniferol,0,45.0,0
1341,s337,Zoniferol,5,46.84985157,0
1342,s337,Zoniferol,10,47.8944415,0
1343,s337,Zoniferol,15,48.57151582,0
1344,s337,Zoniferol,20,49.20205408,1
1345,s337,Zoniferol,25,50.9706889,2
1346,s337,Zoniferol,30,52.74771768,3
1347,s337,Zoniferol,35,54.81081251,3
1348,s337,Zoniferol,40,56.99481589,4
1349,s337,Zoniferol,45,62.10965102,4
1350,a788,Zoniferol,0,45.0,0
1351,a788,Zoniferol,5,47.00658024,0
1352,a788,Zoniferol,10,50.15972132,1
1353,a788,Zoniferol,15,52.53994926,1
1354,a788,Zoniferol,20,54.06098332,1
1355,a788,Zoniferol,25,56.770280299999996,1
1356,a788,Zoniferol,30,60.41370908,1
1357,c559,Zoniferol,0,45.0,0
1358,c559,Zoniferol,5,46.56263793,0
1359,c559,Zoniferol,10,47.29326012,0
1360,c559,Zoniferol,15,51.41490358,1
1361,c559,Zoniferol,20,52.60436695,2
1362,c559,Zoniferol,25,54.55544168,2
1363,c559,Zoniferol,30,57.14614388,2
1364,c559,Zoniferol,35,59.45504074,2
1365,c559,Zoniferol,40,60.86184431,3
1366,c559,Zoniferol,45,61.84005842,4
1367,p136,Zoniferol,0,45.0,0
1368,p136,Zoniferol,5,49.27397096,0
1369,p136,Zoniferol,10,50.90789028,0
1370,p136,Zoniferol,15,51.99141616,1
1371,p136,Zoniferol,20,54.91379857,1
1372,p136,Zoniferol,25,56.28147652,1
1373,p136,Zoniferol,30,57.05280546,1
1374,p136,Zoniferol,35,57.63078195,1
1375,p136,Zoniferol,40,61.38024887,1
1376,p136,Zoniferol,45,63.48869678,2
1377,j365,Zoniferol,0,45.0,0
1378,j365,Zoniferol,5,46.7112611,0
1379,j365,Zoniferol,10,48.34932028,0
1380,j365,Zoniferol,15,49.58826336,0
1381,j365,Zoniferol,20,50.93935278,1
1382,j365,Zoniferol,25,51.810320399999995,1
1383,j365,Zoniferol,30,54.40488176,1
1384,j365,Zoniferol,35,56.96120016,2
1385,j365,Zoniferol,40,62.32717066,2
1386,j365,Zoniferol,45,64.29408493,2
1387,a401,Zoniferol,0,45.0,0
1388,a401,Zoniferol,5,46.11198591,0
1389,a401,Zoniferol,10,47.7259374,1
1390,a401,Zoniferol,15,49.93472542,1
1391,a401,Zoniferol,20,52.20451136,2
1392,a401,Zoniferol,25,54.20983551,3
1393,a401,Zoniferol,30,55.91016159,3
1394,a401,Zoniferol,35,60.34714467,3
1395,a401,Zoniferol,40,61.76860538,4
1396,a401,Zoniferol,45,66.79415599,4
1397,f129,Zoniferol,0,45.0,0
1398,f129,Zoniferol,5,47.00059399,0
1399,f129,Zoniferol,10,48.17971908,1
1400,f129,Zoniferol,15,49.98830246,1
1401,q633,Zoniferol,0,45.0,0
1402,q633,Zoniferol,5,47.18380215,0
1403,q633,Zoniferol,10,49.00186559,0
1404,q633,Zoniferol,15,50.583557299999995,1
1405,q633,Zoniferol,20,53.28728681,1
1406,q633,Zoniferol,25,55.6831017,1
1407,q633,Zoniferol,30,58.05725257,1
1408,q633,Zoniferol,35,63.1256593,1
1409,q633,Zoniferol,40,68.49863876,2
1410,q633,Zoniferol,45,70.82779631,2
1411,x613,Zoniferol,0,45.0,0
1412,x613,Zoniferol,5,46.09704058,0
1413,x613,Zoniferol,10,46.81817589999999,0
1414,x613,Zoniferol,15,48.0776464,0
1415,w575,Zoniferol,0,45.0,0
1416,w575,Zoniferol,5,48.91385977,1
1417,w575,Zoniferol,10,50.13595547,1
1418,w575,Zoniferol,15,50.86745176,1
1419,w575,Zoniferol,20,55.5918155,1
1420,w575,Zoniferol,25,58.58732169,1
1421,w575,Zoniferol,30,60.15306524,1
1422,w575,Zoniferol,35,63.68644503,2
1423,w575,Zoniferol,40,64.93840621,3
1424,w575,Zoniferol,45,68.40128593,3
1425,d164,Zoniferol,0,45.0,0
1426,d164,Zoniferol,5,46.61767061,0
1427,d164,Zoniferol,10,47.47464468,1
1428,g296,Zoniferol,0,45.0,0
1429,g296,Zoniferol,5,46.59323337,0
1430,g296,Zoniferol,10,48.26950861,0
1431,g296,Zoniferol,15,49.65324404,1
1432,g296,Zoniferol,20,51.4471183,2
1433,g296,Zoniferol,25,55.6701066,3
1434,g296,Zoniferol,30,57.99770642,3
1435,g296,Zoniferol,35,60.38451978,4
1436,g296,Zoniferol,40,62.22191493,4
1437,g296,Zoniferol,45,68.16319517,4
1438,k754,Zoniferol,0,45.0,0
1439,k754,Zoniferol,5,45.7277604,0
1440,k754,Zoniferol,10,49.74611666,0
1441,k754,Zoniferol,15,51.32356994,0
1442,k754,Zoniferol,20,52.69342276,1
1443,k894,Zoniferol,0,45.0,0
1444,k894,Zoniferol,5,47.64568674,0
1445,k894,Zoniferol,10,49.27287011,1
1446,k894,Zoniferol,15,49.987765700000004,1
1447,k894,Zoniferol,20,50.98163936,1
1448,k894,Zoniferol,25,52.32583833,2
1449,k894,Zoniferol,30,54.40012279,3
1450,k894,Zoniferol,35,55.36266238,4
1451,k894,Zoniferol,40,58.64705616,4
1452,k894,Zoniferol,45,60.75270417,4
1453,f545,Zoniferol,0,45.0,0
1454,f545,Zoniferol,5,46.56581263,0
1455,f545,Zoniferol,10,51.07251225,0
1456,f545,Zoniferol,15,53.94554429,1
1457,f545,Zoniferol,20,58.84118888,1
1458,f545,Zoniferol,25,60.25348139,1
1459,f545,Zoniferol,30,65.89398607,1
1460,f545,Zoniferol,35,66.74292417,1
1461,f545,Zoniferol,40,71.10811835,1
1462,f545,Zoniferol,45,73.32443228,1
1463,n967,Zoniferol,0,45.0,0
1464,n967,Zoniferol,5,46.07719173,1
1465,n967,Zoniferol,10,47.47172327,1
1466,n967,Zoniferol,15,49.82500362,1
1467,c264,Zoniferol,0,45.0,0
1468,c264,Zoniferol,5,45.79170389,0
1469,c264,Zoniferol,10,49.02659196,0
1470,c264,Zoniferol,15,53.66494165,1
1471,c264,Zoniferol,20,54.568195700000004,1
1472,c264,Zoniferol,25,56.96676876,2
1473,c264,Zoniferol,30,57.82391556,2
1474,c264,Zoniferol,35,61.07479506,2
1475,c264,Zoniferol,40,65.70832272,2
1476,c264,Zoniferol,45,67.94212107,2
1477,f394,Zoniferol,0,45.0,0
1478,f394,Zoniferol,5,47.03309963,0
1479,b313,Zoniferol,0,45.0,0
1480,b313,Zoniferol,5,47.15443254,0
1481,b313,Zoniferol,10,48.31937218,1
1482,b313,Zoniferol,15,49.18838735,1
1483,b313,Zoniferol,20,53.979679700000005,1
1484,b313,Zoniferol,25,55.74514628,1
1485,c302,Zoniferol,0,45.0,0
1486,c302,Zoniferol,5,47.69067986,1
1487,c302,Zoniferol,10,48.53356704,1
1488,c302,Zoniferol,15,52.71663459,2
1489,c302,Zoniferol,20,54.08090836,3
1490,c302,Zoniferol,25,55.07622853,3
1491,c302,Zoniferol,30,57.41974389,3
1492,c302,Zoniferol,35,62.23657157,3
1493,c302,Zoniferol,40,63.28107148,4
1494,c302,Zoniferol,45,64.57522157,4
1495,w140,Zoniferol,0,45.0,0
1496,w140,Zoniferol,5,47.71795156,0
1497,i334,Ramicane,0,45.0,0
1498,i334,Ramicane,5,41.02051821,0
1499,i334,Ramicane,10,41.63124731,0
1500,i334,Ramicane,15,39.15800115,0
1501,i334,Ramicane,20,39.687831700000004,0
1502,i334,Ramicane,25,38.24881732,1
1503,i334,Ramicane,30,39.00555435,1
1504,i334,Ramicane,35,39.7695521,2
1505,i334,Ramicane,40,40.44237037,2
1506,i334,Ramicane,45,36.37451039,2
1507,q597,Ramicane,0,45.0,0
1508,q597,Ramicane,5,45.76611104,0
1509,q597,Ramicane,10,42.53798598,0
1510,q597,Ramicane,15,41.39566036,0
1511,q597,Ramicane,20,41.9255866,0
1512,q597,Ramicane,25,42.57570709,1
1513,q597,Ramicane,30,43.33916123,1
1514,q597,Ramicane,35,43.80720142,1
1515,q597,Ramicane,40,44.47182121,2
1516,q597,Ramicane,45,45.22086888,2
1517,z578,Ramicane,0,45.0,0
1518,z578,Ramicane,5,42.18878662,0
1519,z578,Ramicane,10,42.95211843,0
1520,z578,Ramicane,15,38.68851607,0
1521,z578,Ramicane,20,36.89001635,0
1522,z578,Ramicane,25,37.41411419,0
1523,z578,Ramicane,30,37.81593487,0
1524,z578,Ramicane,35,38.50482444,0
1525,z578,Ramicane,40,34.02209336,0
1526,z578,Ramicane,45,30.63869575,0
1527,e662,Ramicane,0,45.0,0
1528,e662,Ramicane,5,45.81628252,0
1529,e662,Ramicane,10,46.40908385,0
1530,e662,Ramicane,15,43.55377339,0
1531,e662,Ramicane,20,44.0012958,0
1532,e662,Ramicane,25,44.66459432,1
1533,e662,Ramicane,30,45.35023242,1
1534,e662,Ramicane,35,43.22027636,1
1535,e662,Ramicane,40,44.00672385,2
1536,e662,Ramicane,45,40.65900627,2
1537,s508,Ramicane,0,45.0,0
1538,s508,Ramicane,5,38.71187185,0
1539,s508,Ramicane,10,34.850997899999996,0
1540,s508,Ramicane,15,35.27690634,0
1541,s508,Ramicane,20,35.92865083,0
1542,s508,Ramicane,25,36.33856894,0
1543,s508,Ramicane,30,35.47402235,0
1544,s508,Ramicane,35,35.8461407,0
1545,s508,Ramicane,40,32.79817119,0
1546,s508,Ramicane,45,30.27623175,0
1547,n364,Ramicane,0,45.0,0
1548,n364,Ramicane,5,45.52187471,0
1549,n364,Ramicane,10,40.3751382,0
1550,n364,Ramicane,15,36.94027399,0
1551,n364,Ramicane,20,37.4788685,0
1552,n364,Ramicane,25,33.20500824,0
1553,n364,Ramicane,30,33.817758000000005,0
1554,n364,Ramicane,35,34.48752204,1
1555,n364,Ramicane,40,34.95473311,1
1556,n364,Ramicane,45,31.09533505,1
1557,w678,Ramicane,0,45.0,0
1558,w678,Ramicane,5,43.16637266,0
1559,m546,Ramicane,0,45.0,0
1560,m546,Ramicane,5,42.99887638,0
1561,m546,Ramicane,10,43.74822357,0
1562,m546,Ramicane,15,39.89743533,0
1563,m546,Ramicane,20,36.71229535,0
1564,m546,Ramicane,25,37.44444543,0
1565,m546,Ramicane,30,37.96993365,0
1566,m546,Ramicane,35,38.62753581,1
1567,m546,Ramicane,40,35.114575200000004,1
1568,m546,Ramicane,45,30.56462509,1
1569,u196,Ramicane,0,45.0,0
1570,u196,Ramicane,5,45.55746444,1
1571,u196,Ramicane,10,46.42294306,1
1572,u196,Ramicane,15,47.22717065,1
1573,u196,Ramicane,20,46.10536303,1
1574,u196,Ramicane,25,46.70532539999999,1
1575,u196,Ramicane,30,47.62281636,2
1576,u196,Ramicane,35,47.00146542,2
1577,u196,Ramicane,40,43.45368679,2
1578,u196,Ramicane,45,40.66771292,3
1579,a520,Ramicane,0,45.0,0
1580,a520,Ramicane,5,38.72370695,0
1581,a520,Ramicane,10,36.42938781,0
1582,a520,Ramicane,15,35.590253999999995,0
1583,a520,Ramicane,20,35.94774514,0
1584,a520,Ramicane,25,36.55858129,1
1585,a520,Ramicane,30,36.94770981,1
1586,a520,Ramicane,35,37.62471026,1
1587,a520,Ramicane,40,38.25972497,1
1588,a520,Ramicane,45,38.81036633,1
1589,g791,Ramicane,0,45.0,0
1590,g791,Ramicane,5,45.85153062,0
1591,g791,Ramicane,10,40.17055848,0
1592,g791,Ramicane,15,40.67812852,0
1593,g791,Ramicane,20,41.211897,0
1594,g791,Ramicane,25,35.56939935,1
1595,g791,Ramicane,30,34.95258284,1
1596,g791,Ramicane,35,30.96039194,1
1597,g791,Ramicane,40,31.36940573,1
1598,g791,Ramicane,45,29.12847181,1
1599,i177,Ramicane,0,45.0,0
1600,i177,Ramicane,5,44.06539783,0
1601,i177,Ramicane,10,41.02092924,0
1602,i177,Ramicane,15,40.33093479,0
1603,i177,Ramicane,20,35.34536136,0
1604,i177,Ramicane,25,34.0821803,1
1605,i177,Ramicane,30,34.71147302,1
1606,i177,Ramicane,35,35.1521662,1
1607,i177,Ramicane,40,35.55793279,2
1608,i177,Ramicane,45,33.56240217,3
1609,a644,Ramicane,0,45.0,0
1610,a644,Ramicane,5,45.55015754,0
1611,a644,Ramicane,10,46.38071258,0
1612,a644,Ramicane,15,46.91089166,0
1613,a644,Ramicane,20,45.86506461,0
1614,a644,Ramicane,25,41.48122408,0
1615,a644,Ramicane,30,37.21112063,0
1616,a644,Ramicane,35,35.12863083,0
1617,a644,Ramicane,40,35.77945086,0
1618,a644,Ramicane,45,32.97852192,1
1619,r921,Ramicane,0,45.0,0
1620,r921,Ramicane,5,45.56821083,0
1621,r921,Ramicane,10,42.71192694,0
1622,r921,Ramicane,15,43.52726054,0
1623,r921,Ramicane,20,44.13631588,0
1624,r921,Ramicane,25,42.65534089,1
1625,r921,Ramicane,30,43.41938077,1
1626,r811,Ramicane,0,45.0,0
1627,r811,Ramicane,5,45.62580225,0
1628,r811,Ramicane,10,39.453903000000004,0
1629,r811,Ramicane,15,40.02229235,0
1630,r811,Ramicane,20,40.7728027,0
1631,r811,Ramicane,25,37.61401068,0
1632,r811,Ramicane,30,38.24206639,0
1633,r811,Ramicane,35,36.00302016,1
1634,r811,Ramicane,40,36.5200329,1
1635,r811,Ramicane,45,37.22565033,1
1636,c758,Ramicane,0,45.0,0
1637,c758,Ramicane,5,45.5786783,0
1638,c758,Ramicane,10,46.28799223,0
1639,c758,Ramicane,15,46.94094512,1
1640,c758,Ramicane,20,43.1263114,1
1641,c758,Ramicane,25,43.602267299999994,1
1642,c758,Ramicane,30,44.11827028,1
1643,c758,Ramicane,35,37.80238546,1
1644,c758,Ramicane,40,32.83318858,1
1645,c758,Ramicane,45,33.39765251,1
1646,k403,Ramicane,0,45.0,0
1647,k403,Ramicane,5,38.82589807,0
1648,k403,Ramicane,10,35.01427146,1
1649,k403,Ramicane,15,34.22399174,1
1650,k403,Ramicane,20,32.99772858,1
1651,k403,Ramicane,25,33.46457735,1
1652,k403,Ramicane,30,31.09949753,1
1653,k403,Ramicane,35,26.54699343,1
1654,k403,Ramicane,40,24.36550471,1
1655,k403,Ramicane,45,22.05012627,1
1656,y449,Ramicane,0,45.0,0
1657,y449,Ramicane,5,45.87754494,0
1658,y449,Ramicane,10,46.37809248,0
1659,y449,Ramicane,15,44.18345092,0
1660,j989,Ramicane,0,45.0,0
1661,j989,Ramicane,5,45.62071835,1
1662,j989,Ramicane,10,46.34383237,1
1663,j989,Ramicane,15,41.12835439,1
1664,j989,Ramicane,20,41.63534426,1
1665,j989,Ramicane,25,39.93411249,1
1666,j989,Ramicane,30,34.67178107,1
1667,j989,Ramicane,35,35.1155898,1
1668,j989,Ramicane,40,35.50119014,1
1669,j989,Ramicane,45,36.13485243,1
1670,d251,Ramicane,0,45.0,0
1671,d251,Ramicane,5,41.74635495,1
1672,d251,Ramicane,10,42.43225791,1
1673,d251,Ramicane,15,39.47278744,1
1674,d251,Ramicane,20,37.65209085,1
1675,d251,Ramicane,25,38.09751328,1
1676,d251,Ramicane,30,38.71825638,2
1677,d251,Ramicane,35,37.70852942,2
1678,d251,Ramicane,40,38.26540379,2
1679,d251,Ramicane,45,37.31123552,2
1680,a444,Ramicane,0,45.0,0
1681,a444,Ramicane,5,44.00597487,0
1682,a444,Ramicane,10,44.51255951,0
1683,a444,Ramicane,15,43.00127957,0
1684,a444,Ramicane,20,41.71461874,0
1685,a444,Ramicane,25,42.29139437,0
1686,a444,Ramicane,30,42.78627835,0
1687,a444,Ramicane,35,41.73595083,0
1688,a444,Ramicane,40,42.50492554,0
1689,a444,Ramicane,45,43.04754260000001,0
1690,a411,Ramicane,0,45.0,0
1691,a411,Ramicane,5,45.46667714,0
1692,a411,Ramicane,10,40.75978762,1
1693,a411,Ramicane,15,41.48416885,1
1694,a411,Ramicane,20,38.08737318,1
1695,a411,Ramicane,25,38.701438399999994,1
1696,a411,Ramicane,30,39.13073724,1
1697,a411,Ramicane,35,39.71723589,1
1698,a411,Ramicane,40,40.25881765,1
1699,a411,Ramicane,45,38.407618299999996,1
1700,j913,Ramicane,0,45.0,0
1701,j913,Ramicane,5,44.01490022,0
1702,j913,Ramicane,10,44.49716216,0
1703,j913,Ramicane,15,45.25253427,0
1704,j913,Ramicane,20,42.16834132,0
1705,j913,Ramicane,25,37.86066936,0
1706,j913,Ramicane,30,34.75724046,0
1707,j913,Ramicane,35,35.17014843,0
1708,j913,Ramicane,40,31.00186078,1
1709,j913,Ramicane,45,31.56046955,1
1710,q610,Ramicane,0,45.0,0
1711,q610,Ramicane,5,45.62949421,0
1712,q610,Ramicane,10,44.99148471,0
1713,q610,Ramicane,15,45.88902756,0
1714,q610,Ramicane,20,46.58543347,0
1715,q610,Ramicane,25,40.14645019,0
1716,q610,Ramicane,30,40.66834256,1
1717,q610,Ramicane,35,36.56165229,2
1718,c458,Ramicane,0,45.0,0
1719,c458,Ramicane,5,45.72227949,0
1720,c458,Ramicane,10,44.45437828,1
1721,c458,Ramicane,15,45.10742313,2
1722,c458,Ramicane,20,39.50513508,2
1723,c458,Ramicane,25,37.75314964,2
1724,c458,Ramicane,30,38.34200823,2
1725,a897,Placebo,0,45.0,0
1726,a897,Placebo,5,45.69112405,1
1727,a897,Placebo,10,47.97292708,1
1728,a897,Placebo,15,52.34308525,2
1729,a897,Placebo,20,54.59570541,3
1730,a897,Placebo,25,56.41331977,3
1731,a897,Placebo,30,59.91693443,3
1732,a897,Placebo,35,64.0528731,3
1733,a897,Placebo,40,67.21174279,4
1734,a897,Placebo,45,72.25596306,4
1735,c757,Placebo,0,45.0,0
1736,c757,Placebo,5,47.78327981,0
1737,c757,Placebo,10,49.21931669,0
1738,c757,Placebo,15,51.532603,0
1739,c757,Placebo,20,52.81863401,1
1740,c757,Placebo,25,57.10641821,2
1741,c757,Placebo,30,60.09857184,2
1742,c757,Placebo,35,64.29116351,2
1743,c757,Placebo,40,66.60436771,2
1744,c757,Placebo,45,69.04284082,3
1745,i477,Placebo,0,45.0,0
1746,i477,Placebo,5,46.65738471,0
1747,i477,Placebo,10,47.52063206,0
1748,o302,Placebo,0,45.0,0
1749,o302,Placebo,5,48.93701188,0
1750,o302,Placebo,10,49.70144989,0
1751,o302,Placebo,15,51.38148886,0
1752,o302,Placebo,20,56.17761143,0
1753,o302,Placebo,25,60.51710253,0
1754,o302,Placebo,30,62.03059364,1
1755,t718,Placebo,0,45.0,0
1756,t718,Placebo,5,45.92125272,1
1757,t718,Placebo,10,46.39268805,1
1758,t718,Placebo,15,48.08512552,1
1759,t718,Placebo,20,52.6367,2
1760,t718,Placebo,25,55.87658787,3
1761,t718,Placebo,30,57.70411372,3
1762,t718,Placebo,35,60.46389851,3
1763,t718,Placebo,40,61.530398899999994,3
1764,t718,Placebo,45,63.42369517,4
1765,w167,Placebo,0,45.0,0
1766,w167,Placebo,5,48.78627194,0
1767,w167,Placebo,10,51.82640965,0
1768,w167,Placebo,15,53.90048909,0
1769,w167,Placebo,20,57.54815669,0
1770,w167,Placebo,25,61.86857673,0
1771,w167,Placebo,30,67.19787186,0
1772,w167,Placebo,35,68.13428817,0
1773,x773,Placebo,0,45.0,0
1774,x773,Placebo,5,45.8508307,1
1775,x773,Placebo,10,47.18920597,2
1776,x773,Placebo,15,47.67123558,3
1777,x773,Placebo,20,49.739712899999994,3
1778,x773,Placebo,25,51.10442109,3
1779,x773,Placebo,30,52.81311518,4
1780,x773,Placebo,35,55.19273639,4
1781,x773,Placebo,40,55.98767551,4
1782,x773,Placebo,45,58.63497149,4
1783,s166,Placebo,0,45.0,0
1784,s166,Placebo,5,47.18678778,0
1785,s166,Placebo,10,49.00012468,0
1786,q582,Placebo,0,45.0,0
1787,q582,Placebo,5,45.95539895,1
1788,q582,Placebo,10,47.01357514,1
1789,q582,Placebo,15,48.32264018,2
1790,q582,Placebo,20,51.18597648,2
1791,q582,Placebo,25,51.96821056,2
1792,q582,Placebo,30,52.64889350000001,2
1793,q582,Placebo,35,53.71315792,2
1794,y478,Placebo,0,45.0,0
1795,y478,Placebo,5,48.64107818,1
1796,y478,Placebo,10,52.28893409,1
1797,y478,Placebo,15,53.61040585,1
1798,y478,Placebo,20,56.84885016,1
1799,y478,Placebo,25,57.82697598,1
1800,y478,Placebo,30,59.37461452,1
1801,y478,Placebo,35,61.88802678,1
1802,y478,Placebo,40,65.97112017,1
1803,y478,Placebo,45,66.84263453,1
1804,o795,Placebo,0,45.0,0
1805,o795,Placebo,5,46.76092721,1
1806,o795,Placebo,10,51.1237037,1
1807,o795,Placebo,15,55.88633793,2
1808,o795,Placebo,20,60.61005916,3
1809,o795,Placebo,25,65.74177723,4
1810,o795,Placebo,30,68.21706974,4
1811,o795,Placebo,35,69.08509415,4
1812,o795,Placebo,40,70.26647887,4
1813,o795,Placebo,45,73.05945435,4
1814,l872,Placebo,0,45.0,0
1815,t994,Placebo,0,45.0,0
1816,t994,Placebo,5,47.891487100000006,0
1817,t994,Placebo,10,52.614163500000004,1
1818,t994,Placebo,15,53.45863887,1
1819,t994,Placebo,20,56.52795159,1
1820,v409,Placebo,0,45.0,0
1821,v409,Placebo,5,46.22079642,0
1822,v409,Placebo,10,50.64903842,1
1823,v989,Placebo,0,45.0,0
1824,v989,Placebo,5,48.85813451,0
1825,v989,Placebo,10,52.61468889,1
1826,c282,Placebo,0,45.0,0
1827,c282,Placebo,5,45.72568973,0
1828,c282,Placebo,10,48.17950638,0
1829,c282,Placebo,15,49.26607873,0
1830,c282,Placebo,20,51.95057423,0
1831,c282,Placebo,25,56.29220039,1
1832,c282,Placebo,30,59.00590207,1
1833,c282,Placebo,35,59.88765475,1
1834,c282,Placebo,40,65.02179944,2
1835,c282,Placebo,45,65.81516535,2
1836,e227,Placebo,0,45.0,0
1837,e227,Placebo,5,47.23801112,0
1838,e227,Placebo,10,51.34975705,1
1839,e227,Placebo,15,52.83394196,1
1840,e227,Placebo,20,56.60755210000001,1
1841,e227,Placebo,25,60.60029169,1
1842,e227,Placebo,30,62.46438515,2
1843,e227,Placebo,35,66.94912136,3
1844,e227,Placebo,40,70.7152176,3
1845,e227,Placebo,45,73.21293851,3
1846,c766,Placebo,0,45.0,0
1847,c766,Placebo,5,47.31305537,0
1848,c766,Placebo,10,49.50027098,1
1849,c766,Placebo,15,50.59663325,2
1850,c766,Placebo,20,53.00686463,3
1851,c766,Placebo,25,58.21462437,3
1852,c766,Placebo,30,60.2559245,3
1853,c766,Placebo,35,65.95236791,4
1854,c766,Placebo,40,67.68529456,4
1855,c766,Placebo,45,69.82314577,4
1856,s152,Placebo,0,45.0,0
1857,s152,Placebo,5,47.459052899999996,1
1858,s152,Placebo,10,52.1816442,2
1859,s152,Placebo,15,57.22498064,2
1860,s152,Placebo,20,62.35160945,2
1861,s152,Placebo,25,64.11914213,2
1862,n763,Placebo,0,45.0,0
1863,n763,Placebo,5,46.08598142,0
1864,n763,Placebo,10,46.81731526,1
1865,n763,Placebo,15,47.79809961,1
1866,n763,Placebo,20,49.25812581,1
1867,n763,Placebo,25,53.40587053,2
1868,n763,Placebo,30,55.41365961,3
1869,n763,Placebo,35,57.38241296,3
1870,n763,Placebo,40,58.01114583,4
1871,i669,Placebo,0,45.0,0
1872,i669,Placebo,5,46.76466824,1
1873,i669,Placebo,10,48.2816334,1
1874,i669,Placebo,15,48.857600700000006,1
1875,i669,Placebo,20,50.87369027,1
1876,i669,Placebo,25,53.30318455,2
1877,r850,Placebo,0,45.0,0
1878,r850,Placebo,5,46.86291194,0
1879,r850,Placebo,10,48.51509085,1
1880,r850,Placebo,15,50.21860469,1
1881,a262,Placebo,0,45.0,0
1882,a262,Placebo,5,48.71756819,1
1883,a262,Placebo,10,49.59518129,1
1884,a262,Placebo,15,53.82797367,2
1885,a262,Placebo,20,57.01331331,2
1886,a262,Placebo,25,60.13186217,2
1887,a262,Placebo,30,64.95809178,3
1888,a262,Placebo,35,66.56196302,4
1889,a262,Placebo,40,69.59273198,4
1890,a262,Placebo,45,70.71762058,4
1891,q787,Placebo,0,45.0,0
1892,q787,Placebo,5,47.11661587,0
1893,q787,Placebo,10,48.59386234,1
1894,q787,Placebo,15,49.21773243,2
1895,q787,Placebo,20,50.22993419,2
1896,q787,Placebo,25,52.71318786,2
1897,q787,Placebo,30,55.03620625,2
1898,q787,Placebo,35,60.33385242,3
1899,q787,Placebo,40,62.0341267,3
1900,q787,Placebo,45,66.09647477,3
1901,j235,Placebo,0,45.0,0
1902,j235,Placebo,5,46.58881978,0
1903,j235,Placebo,10,48.01878792,1
1904,j235,Placebo,15,51.16113815,1
1905,j235,Placebo,20,52.94290169,1
